timestamp,vessel_count,mean_sog_knots,stopped_ratio,course_dispersion,traffic_density,position_spread_km
2024-01-10T00:00:00Z,184,0.708784,0.876126,0.735612,0.973545,6.607009
2024-01-10T00:05:00Z,182,0.719221,0.844282,0.839502,0.962963,6.601861
2024-01-10T00:10:00Z,174,0.952219,0.83812,0.745674,0.920635,6.561611
2024-01-10T00:15:00Z,177,1.056532,0.833729,0.74166,0.936508,6.564082
2024-01-10T00:20:00Z,183,0.814425,0.855746,0.785111,0.968254,6.565101
2024-01-10T00:25:00Z,177,0.849747,0.84596,0.791969,0.936508,6.629743
2024-01-10T00:30:00Z,181,0.756079,0.848635,0.832452,0.957672,6.508316
2024-01-10T00:35:00Z,176,0.844304,0.837975,0.822453,0.931217,6.490894
2024-01-10T00:40:00Z,169,1.020635,0.838624,0.849907,0.89418,6.676003
2024-01-10T00:45:00Z,175,0.852778,0.835859,0.841726,0.925926,6.635372
2024-01-10T00:50:00Z,179,1.469458,0.807882,0.854448,0.94709,6.642733
2024-01-10T00:55:00Z,182,1.805211,0.794045,0.82596,0.962963,6.65909
2024-01-10T01:00:00Z,176,1.611806,0.810185,0.756253,0.931217,6.524694
2024-01-10T01:05:00Z,178,1.170149,0.840796,0.773716,0.941799,6.594559
2024-01-10T01:10:00Z,172,0.944792,0.861979,0.804147,0.910053,6.557026
2024-01-10T01:15:00Z,177,0.974201,0.864865,0.777491,0.936508,6.416481
2024-01-10T01:20:00Z,179,0.783038,0.898734,0.82354,0.94709,6.476615
2024-01-10T01:25:00Z,176,0.736856,0.889175,0.793833,0.931217,6.573463
2024-01-10T01:30:00Z,176,0.882843,0.875,0.705288,0.931217,6.378846
2024-01-10T01:35:00Z,174,0.877468,0.855696,0.753449,0.920635,6.438266
2024-01-10T01:40:00Z,175,0.619271,0.877604,0.762166,0.925926,6.5076
2024-01-10T01:45:00Z,178,0.628061,0.890306,0.771687,0.941799,6.502461
2024-01-10T01:50:00Z,175,0.51038,0.863291,0.808226,0.925926,6.294253
2024-01-10T01:55:00Z,170,0.780577,0.855643,0.909952,0.899471,6.581943
2024-01-10T02:00:00Z,174,0.706954,0.858513,0.807166,0.920635,6.458202
2024-01-10T02:05:00Z,181,1.023457,0.851852,0.851122,0.957672,6.529585
2024-01-10T02:10:00Z,181,1.334005,0.788413,0.826471,0.957672,6.497283
2024-01-10T02:15:00Z,177,0.879759,0.807229,0.810892,0.936508,6.26292
2024-01-10T02:20:00Z,173,0.754922,0.841969,0.815913,0.915344,6.263371
2024-01-10T02:25:00Z,173,1.155614,0.832898,0.82223,0.915344,6.523877
2024-01-10T02:30:00Z,175,1.133415,0.85258,0.760456,0.925926,6.510798
2024-01-10T02:35:00Z,178,1.154637,0.859649,0.793762,0.941799,6.53519
2024-01-10T02:40:00Z,172,1.489628,0.832447,0.85153,0.910053,6.654006
2024-01-10T02:45:00Z,174,1.432338,0.840796,0.803345,0.920635,6.604813
2024-01-10T02:50:00Z,178,1.04799,0.854271,0.799897,0.941799,6.617222
2024-01-10T02:55:00Z,174,0.909278,0.884021,0.818883,0.920635,6.779784
2024-01-10T03:00:00Z,175,0.800726,0.88862,0.818952,0.925926,6.374401
2024-01-10T03:05:00Z,182,0.604859,0.915601,0.821062,0.962963,6.756289
2024-01-10T03:10:00Z,174,0.689431,0.910569,0.855083,0.920635,6.968599
2024-01-10T03:15:00Z,171,0.448691,0.939791,0.819747,0.904762,6.59019
2024-01-10T03:20:00Z,172,0.176676,0.957105,0.775809,0.910053,6.734295
2024-01-10T03:25:00Z,169,0.234085,0.943662,0.82666,0.89418,6.951434
2024-01-10T03:30:00Z,167,0.215804,0.961853,0.83586,0.883598,6.744843
2024-01-10T03:35:00Z,172,0.226776,0.967213,0.84352,0.910053,6.727719
2024-01-10T03:40:00Z,168,0.302047,0.938596,0.856989,0.888889,6.686409
2024-01-10T03:45:00Z,172,0.399735,0.944297,0.83971,0.910053,6.741841
2024-01-10T03:50:00Z,169,0.356319,0.925824,0.82406,0.89418,6.778749
2024-01-10T03:55:00Z,171,0.343132,0.945055,0.862549,0.904762,6.785574
2024-01-10T04:00:00Z,170,0.311719,0.940104,0.831888,0.899471,6.611656
2024-01-10T04:05:00Z,172,0.265014,0.944904,0.811647,0.910053,6.753577
2024-01-10T04:10:00Z,174,0.267671,0.947945,0.829806,0.920635,6.965729
2024-01-10T04:15:00Z,165,0.225401,0.951872,0.800847,0.873016,6.745272
2024-01-10T04:20:00Z,171,0.261081,0.951351,0.821053,0.904762,6.646327
2024-01-10T04:25:00Z,170,0.246348,0.952247,0.848729,0.899471,6.843961
2024-01-10T04:30:00Z,171,0.245745,0.952128,0.846928,0.904762,6.659418
2024-01-10T04:35:00Z,172,0.376203,0.949198,0.875,0.910053,6.710721
2024-01-10T04:40:00Z,171,0.892458,0.918994,0.910851,0.904762,6.664837
2024-01-10T04:45:00Z,174,0.764343,0.938338,0.864984,0.920635,6.690005
2024-01-10T04:50:00Z,175,0.360212,0.941645,0.86872,0.925926,6.571438
2024-01-10T04:55:00Z,171,0.221203,0.945559,0.867676,0.904762,6.727619
2024-01-10T05:00:00Z,168,0.384156,0.958442,0.829277,0.888889,6.680464
2024-01-10T05:05:00Z,170,0.468732,0.957746,0.883671,0.899471,6.721587
2024-01-10T05:10:00Z,173,0.298919,0.948649,0.874764,0.915344,6.967949
2024-01-10T05:15:00Z,176,0.402326,0.943152,0.922184,0.931217,6.632503
2024-01-10T05:20:00Z,173,0.252533,0.954667,0.905,0.915344,6.672321
2024-01-10T05:25:00Z,159,0.246334,0.958944,0.886187,0.84127,6.770563
2024-01-10T05:30:00Z,136,0.162082,0.97026,0.872945,0.719577,6.562914
2024-01-10T05:35:00Z,165,0.090957,0.973404,0.838402,0.873016,6.49464
2024-01-10T05:40:00Z,171,0.151124,0.952247,0.828325,0.904762,6.678521
2024-01-10T05:45:00Z,169,0.148883,0.958101,0.844559,0.89418,6.669287
2024-01-10T05:50:00Z,172,0.193369,0.94695,0.828829,0.910053,6.616979
2024-01-10T05:55:00Z,172,0.253297,0.942308,0.782556,0.910053,6.715118
2024-01-10T06:00:00Z,138,0.190355,0.93401,0.833369,0.730159,6.753874
2024-01-10T06:05:00Z,169,0.152468,0.961039,0.878774,0.89418,6.540043
2024-01-10T06:10:00Z,164,0.22536,0.956772,0.866111,0.867725,6.548622
2024-01-10T06:15:00Z,169,0.260274,0.958904,0.844526,0.89418,6.675101
2024-01-10T06:20:00Z,165,0.227642,0.95935,0.896029,0.873016,6.561956
2024-01-10T06:25:00Z,175,0.417021,0.912234,0.877876,0.925926,6.825137
2024-01-10T06:30:00Z,163,0.82687,0.889197,0.905957,0.862434,6.651981
2024-01-10T06:35:00Z,172,0.849347,0.874674,0.868688,0.910053,6.502372
2024-01-10T06:40:00Z,175,1.054155,0.876676,0.906429,0.925926,6.78704
2024-01-10T06:45:00Z,176,0.665026,0.88601,0.907352,0.931217,6.783795
2024-01-10T06:50:00Z,170,0.748267,0.893333,0.899951,0.899471,6.633677
2024-01-10T06:55:00Z,166,0.983871,0.88172,0.911857,0.878307,6.732005
2024-01-10T07:00:00Z,174,0.551471,0.906863,0.886566,0.920635,6.716643
2024-01-10T07:05:00Z,169,0.633244,0.911528,0.864176,0.89418,6.679952
2024-01-10T07:10:00Z,170,0.781408,0.926761,0.799464,0.899471,6.833197
2024-01-10T07:15:00Z,168,0.499455,0.945504,0.832257,0.888889,6.577901
2024-01-10T07:20:00Z,162,0.350943,0.946092,0.842751,0.857143,6.726188
2024-01-10T07:25:00Z,171,0.403064,0.930362,0.824204,0.904762,6.701955
2024-01-10T07:30:00Z,169,0.347872,0.93883,0.813374,0.89418,6.676574
2024-01-10T07:35:00Z,172,0.270437,0.946015,0.862741,0.910053,6.564029
2024-01-10T07:40:00Z,174,0.209141,0.941828,0.879816,0.920635,6.676942
2024-01-10T07:45:00Z,171,0.217526,0.93299,0.834667,0.904762,6.627457
2024-01-10T07:50:00Z,178,0.180105,0.934555,0.812154,0.941799,6.550044
2024-01-10T07:55:00Z,171,0.139617,0.948087,0.791759,0.904762,6.503819
2024-01-10T08:00:00Z,173,0.177206,0.958333,0.788693,0.915344,6.393638
2024-01-10T08:05:00Z,174,0.368367,0.954082,0.881593,0.920635,6.541922
2024-01-10T08:10:00Z,174,0.347139,0.950954,0.866896,0.920635,6.705449
2024-01-10T08:15:00Z,174,0.452405,0.96962,0.870486,0.920635,6.712051
2024-01-10T08:20:00Z,175,0.362532,0.972152,0.860223,0.925926,6.658735
2024-01-10T08:25:00Z,173,0.315027,0.95082,0.881483,0.915344,6.74484
2024-01-10T08:30:00Z,177,0.233077,0.951282,0.896361,0.936508,6.653755
2024-01-10T08:35:00Z,170,0.068394,0.96114,0.95991,0.899471,6.741417
2024-01-10T08:40:00Z,175,0.143467,0.949333,0.913264,0.925926,6.803839
2024-01-10T08:45:00Z,174,0.258901,0.942408,0.851786,0.920635,6.709581
2024-01-10T08:50:00Z,175,0.416927,0.9375,0.8523,0.925926,6.64167
2024-01-10T08:55:00Z,172,0.496458,0.93733,0.835611,0.910053,6.679139
2024-01-10T09:00:00Z,168,0.387949,0.935897,0.792194,0.888889,6.700531
2024-01-10T09:05:00Z,166,0.382692,0.958791,0.745375,0.878307,6.651634
2024-01-10T09:10:00Z,177,0.478611,0.952778,0.699403,0.936508,6.697508
2024-01-10T09:15:00Z,177,0.144361,0.972431,0.725875,0.936508,6.792261
2024-01-10T09:20:00Z,171,0.140642,0.973262,0.761718,0.904762,6.621987
2024-01-10T09:25:00Z,169,0.135775,0.971831,0.813863,0.89418,6.659954
2024-01-10T09:30:00Z,170,0.130256,0.964103,0.784572,0.899471,6.636877
2024-01-10T09:35:00Z,173,0.107388,0.965699,0.81993,0.915344,6.54295
2024-01-10T09:40:00Z,172,0.108815,0.977961,0.760207,0.910053,6.710642
2024-01-10T09:45:00Z,172,0.205685,0.94832,0.748583,0.910053,6.544032
2024-01-10T09:50:00Z,173,0.251832,0.947644,0.744343,0.915344,6.571536
2024-01-10T09:55:00Z,176,0.243396,0.956873,0.781746,0.931217,6.845881
2024-01-10T10:00:00Z,169,0.275504,0.956772,0.742098,0.89418,6.444323
2024-01-10T10:05:00Z,167,0.230352,0.96477,0.759345,0.883598,6.432493
2024-01-10T10:10:00Z,164,0.26393,0.967742,0.771488,0.867725,6.633588
2024-01-10T10:15:00Z,170,0.218306,0.97541,0.751884,0.899471,6.570477
2024-01-10T10:20:00Z,171,0.161559,0.967742,0.78826,0.904762,6.572168
2024-01-10T10:25:00Z,171,0.154294,0.963989,0.760572,0.904762,6.603878
2024-01-10T10:30:00Z,166,0.033962,0.981132,0.706812,0.878307,6.557161
2024-01-10T10:35:00Z,172,0.033514,0.989189,0.713156,0.910053,6.59167
2024-01-10T10:40:00Z,170,0.031844,0.988827,0.701089,0.899471,6.591759
2024-01-10T10:45:00Z,169,0.025668,0.991979,0.707189,0.89418,6.588146
2024-01-10T10:50:00Z,177,0.102338,0.974026,0.718612,0.936508,6.473935
2024-01-10T10:55:00Z,175,0.145924,0.975543,0.727316,0.925926,6.693756
2024-01-10T11:00:00Z,171,0.194928,0.956522,0.70506,0.904762,6.314909
2024-01-10T11:05:00Z,175,0.239418,0.952381,0.729614,0.925926,6.461353
2024-01-10T11:10:00Z,175,0.171698,0.962264,0.79083,0.925926,6.683126
2024-01-10T11:15:00Z,166,0.08946,0.984576,0.719548,0.878307,6.487194
2024-01-10T11:20:00Z,173,0.099476,0.984293,0.730391,0.915344,6.280667
2024-01-10T11:25:00Z,171,0.115616,0.961644,0.737627,0.904762,6.572345
2024-01-10T11:30:00Z,174,0.183673,0.941327,0.702368,0.920635,6.574473
2024-01-10T11:35:00Z,170,0.36114,0.911917,0.74493,0.899471,6.38955
2024-01-10T11:40:00Z,171,0.53252,0.918699,0.781923,0.904762,6.537617
2024-01-10T11:45:00Z,173,0.80646,0.901809,0.791411,0.915344,6.433414
2024-01-10T11:50:00Z,176,0.48342,0.932642,0.772865,0.931217,6.497785
2024-01-10T11:55:00Z,173,0.481694,0.92623,0.750525,0.915344,6.676512
2024-01-10T12:00:00Z,170,0.845966,0.858191,0.696428,0.899471,6.506135
2024-01-10T12:05:00Z,175,0.860574,0.86423,0.7452,0.925926,6.504391
2024-01-10T12:10:00Z,173,1.189153,0.833333,0.80217,0.915344,6.77397
2024-01-10T12:15:00Z,176,1.026566,0.827068,0.827448,0.931217,6.431144
2024-01-10T12:20:00Z,171,0.886005,0.842239,0.783912,0.904762,6.432404
2024-01-10T12:25:00Z,169,0.808108,0.851351,0.774181,0.89418,6.42894
2024-01-10T12:30:00Z,169,0.9625,0.851562,0.792815,0.89418,6.285874
2024-01-10T12:35:00Z,169,0.876579,0.842105,0.830417,0.89418,6.332084
2024-01-10T12:40:00Z,168,0.787297,0.845946,0.929195,0.888889,6.641476
2024-01-10T12:45:00Z,168,0.575916,0.871728,0.879506,0.888889,6.516713
2024-01-10T12:50:00Z,166,0.625798,0.888298,0.882619,0.878307,6.488658
2024-01-10T12:55:00Z,173,0.535405,0.878378,0.823698,0.915344,6.742353
2024-01-10T13:00:00Z,168,0.607711,0.893035,0.837841,0.888889,6.414441
2024-01-10T13:05:00Z,177,0.863224,0.904282,0.830606,0.936508,6.561201
2024-01-10T13:10:00Z,170,0.955914,0.884409,0.880615,0.899471,6.578956
2024-01-10T13:15:00Z,178,1.083373,0.862651,0.831481,0.941799,6.419972
2024-01-10T13:20:00Z,180,0.909466,0.82767,0.722183,0.952381,6.458447
2024-01-10T13:25:00Z,175,0.84,0.835443,0.747365,0.925926,6.571652
2024-01-10T13:30:00Z,178,0.952357,0.826303,0.785754,0.941799,6.475185
2024-01-10T13:35:00Z,175,0.761151,0.83693,0.838771,0.925926,6.424892
2024-01-10T13:40:00Z,177,0.584615,0.835897,0.827363,0.936508,6.433468
2024-01-10T13:45:00Z,173,0.606452,0.836228,0.879314,0.915344,6.305028
2024-01-10T13:50:00Z,174,0.733173,0.819712,0.850458,0.920635,6.530217
2024-01-10T13:55:00Z,165,0.740526,0.815789,0.869594,0.873016,6.548265
2024-01-10T14:00:00Z,178,0.897279,0.802721,0.875904,0.941799,6.448817
2024-01-10T14:05:00Z,173,1.253165,0.83038,0.875334,0.915344,6.432307
2024-01-10T14:10:00Z,176,1.34802,0.814356,0.869742,0.931217,6.637337
2024-01-10T14:15:00Z,177,1.315588,0.853717,0.806752,0.936508,6.338091
2024-01-10T14:20:00Z,172,0.883163,0.862245,0.78865,0.910053,6.378087
2024-01-10T14:25:00Z,171,0.503886,0.917098,0.864626,0.904762,6.586775
2024-01-10T14:30:00Z,175,0.286181,0.927136,0.853199,0.925926,6.467331
2024-01-10T14:35:00Z,174,0.674677,0.886305,0.903176,0.920635,6.353084
2024-01-10T14:40:00Z,176,0.845408,0.890306,0.895381,0.931217,6.633028
2024-01-10T14:45:00Z,168,0.826055,0.903226,0.893767,0.888889,6.563708
2024-01-10T14:50:00Z,173,0.728358,0.905473,0.867893,0.915344,6.603338
2024-01-10T14:55:00Z,173,0.738342,0.880829,0.907145,0.915344,6.638844
2024-01-10T15:00:00Z,173,0.670023,0.894614,0.836726,0.915344,6.490623
2024-01-10T15:05:00Z,179,0.472111,0.904523,0.830696,0.94709,6.649457
2024-01-10T15:10:00Z,181,0.577667,0.903226,0.885914,0.957672,6.821627
2024-01-10T15:15:00Z,177,0.822794,0.921569,0.828098,0.936508,6.657195
2024-01-10T15:20:00Z,177,0.575897,0.923077,0.864033,0.936508,6.564866
2024-01-10T15:25:00Z,171,0.363684,0.928947,0.850334,0.904762,6.681836
2024-01-10T15:30:00Z,181,0.326128,0.933492,0.827817,0.957672,6.607661
2024-01-10T15:35:00Z,174,0.471465,0.914141,0.893837,0.920635,6.510332
2024-01-10T15:40:00Z,172,0.475132,0.904762,0.896814,0.910053,6.677221
2024-01-10T15:45:00Z,177,0.489024,0.909756,0.818943,0.936508,6.4486
2024-01-10T15:50:00Z,176,0.51738,0.88665,0.895603,0.931217,6.402891
2024-01-10T15:55:00Z,179,0.45062,0.905707,0.874715,0.94709,6.590418
2024-01-10T16:00:00Z,175,0.603738,0.906542,0.846223,0.925926,6.275462
2024-01-10T16:05:00Z,176,0.425063,0.908861,0.877126,0.931217,6.475173
2024-01-10T16:10:00Z,177,0.270757,0.932115,0.83593,0.936508,6.527689
2024-01-10T16:15:00Z,183,0.531981,0.923628,0.809349,0.968254,6.53055
2024-01-10T16:20:00Z,180,0.692629,0.933661,0.794143,0.952381,6.6289
2024-01-10T16:25:00Z,178,0.869821,0.895141,0.766472,0.941799,6.601527
2024-01-10T16:30:00Z,175,0.775255,0.910714,0.797497,0.925926,6.422068
2024-01-10T16:35:00Z,178,0.531204,0.933661,0.8664,0.941799,6.710325
2024-01-10T16:40:00Z,172,0.570496,0.903394,0.887112,0.910053,6.658983
2024-01-10T16:45:00Z,180,0.730825,0.90534,0.871792,0.952381,6.556441
2024-01-10T16:50:00Z,183,0.774524,0.9,0.777008,0.968254,6.466337
2024-01-10T16:55:00Z,181,0.611029,0.921569,0.828667,0.957672,6.464495
2024-01-10T17:00:00Z,185,0.501129,0.930023,0.845444,0.978836,6.307378
2024-01-10T17:05:00Z,184,0.506634,0.931204,0.857658,0.973545,6.604822
2024-01-10T17:10:00Z,179,0.239332,0.946015,0.872777,0.94709,6.662325
2024-01-10T17:15:00Z,183,0.255916,0.928074,0.853568,0.968254,6.509865
2024-01-10T17:20:00Z,184,0.372596,0.903846,0.872345,0.973545,6.482461
2024-01-10T17:25:00Z,184,0.402222,0.896296,0.831172,0.973545,6.649043
2024-01-10T17:30:00Z,183,0.553808,0.879607,0.809268,0.968254,6.499003
2024-01-10T17:35:00Z,184,0.399038,0.889423,0.802483,0.973545,6.376699
2024-01-10T17:40:00Z,185,0.430221,0.884521,0.832813,0.978836,6.517793
2024-01-10T17:45:00Z,186,0.506089,0.861827,0.837214,0.984127,6.412466
2024-01-10T17:50:00Z,185,0.629953,0.865566,0.834283,0.978836,6.311561
2024-01-10T17:55:00Z,183,0.9755,0.85,0.854741,0.968254,6.28964
2024-01-10T18:00:00Z,187,1.292026,0.838362,0.834576,0.989418,6.256953
2024-01-10T18:05:00Z,187,1.512471,0.816471,0.840712,0.989418,6.252126
2024-01-10T18:10:00Z,186,1.063902,0.836585,0.83293,0.984127,6.435259
2024-01-10T18:15:00Z,185,0.845309,0.837529,0.820024,0.978836,6.267526
2024-01-10T18:20:00Z,189,0.874074,0.851852,0.837174,1.0,6.264878
2024-01-10T18:25:00Z,187,0.999036,0.853012,0.858236,0.989418,6.295509
2024-01-10T18:30:00Z,183,0.8942,0.844548,0.882689,0.968254,6.345169
2024-01-10T18:35:00Z,191,0.793151,0.883562,0.76279,1.0,6.2359
2024-01-10T18:40:00Z,179,0.821092,0.8933,0.793103,0.94709,6.346442
2024-01-10T18:45:00Z,191,0.721346,0.888631,0.759427,1.0,6.386407
2024-01-10T18:50:00Z,187,0.968721,0.878995,0.794551,0.989418,6.285624
2024-01-10T18:55:00Z,184,0.930332,0.886256,0.77555,0.973545,6.191472
2024-01-10T19:00:00Z,187,1.008658,0.859307,0.770172,0.989418,6.13095
2024-01-10T19:05:00Z,183,1.136557,0.853774,0.800874,0.968254,6.353912
2024-01-10T19:10:00Z,187,1.176123,0.841608,0.855087,0.989418,6.318795
2024-01-10T19:15:00Z,185,1.045861,0.82774,0.818082,0.978836,6.365961
2024-01-10T19:20:00Z,182,0.943692,0.852804,0.85794,0.962963,6.149383
2024-01-10T19:25:00Z,181,0.92881,0.835714,0.81445,0.957672,6.177614
2024-01-10T19:30:00Z,182,1.033333,0.825175,0.868178,0.962963,6.256022
2024-01-10T19:35:00Z,186,1.279545,0.829545,0.850369,0.984127,6.066799
2024-01-10T19:40:00Z,184,1.279907,0.808411,0.883046,0.973545,6.148086
2024-01-10T19:45:00Z,181,1.579446,0.792148,0.872435,0.957672,6.031404
2024-01-10T19:50:00Z,191,1.576457,0.809417,0.852972,1.0,5.996143
2024-01-10T19:55:00Z,179,1.601643,0.779343,0.848897,0.94709,5.96204
2024-01-10T20:00:00Z,61,1.580328,0.688525,0.739471,0.322751,5.097065
2024-01-10T20:05:00Z,189,1.142118,0.812808,0.819481,1.0,6.05484
2024-01-10T20:10:00Z,188,1.361224,0.802721,0.827463,0.994709,6.295986
2024-01-10T20:15:00Z,191,1.201766,0.836645,0.861393,1.0,5.930248
2024-01-10T20:20:00Z,188,0.851351,0.835586,0.856159,0.994709,5.99485
2024-01-10T20:25:00Z,184,1.369321,0.814988,0.883816,0.973545,6.08749
2024-01-10T20:30:00Z,111,1.25,0.833333,0.918941,0.587302,6.043416
2024-01-10T21:00:00Z,156,1.249583,0.8125,0.904463,0.825397,6.193028
2024-01-10T21:05:00Z,190,0.921198,0.852535,0.958212,1.0,6.356064
2024-01-10T21:10:00Z,184,0.8025,0.8775,0.894,0.973545,6.461108
2024-01-10T21:15:00Z,189,0.931422,0.889908,0.83238,1.0,6.38219
2024-01-10T21:20:00Z,181,1.178622,0.87886,0.819696,0.957672,6.340895
2024-01-10T21:25:00Z,183,0.960442,0.87715,0.812287,0.968254,6.348119
2024-01-10T21:30:00Z,183,0.786761,0.900709,0.836427,0.968254,6.112149
2024-01-10T21:35:00Z,186,0.839907,0.87471,0.816406,0.984127,6.068861
2024-01-10T21:40:00Z,176,0.665327,0.907035,0.831609,0.931217,6.050773
2024-01-10T21:45:00Z,186,0.61327,0.917062,0.816831,0.984127,6.144725
2024-01-10T21:50:00Z,186,0.624396,0.910628,0.810462,0.984127,6.110934
2024-01-10T21:55:00Z,181,0.468305,0.918919,0.867759,0.957672,6.158079
2024-01-10T22:00:00Z,190,0.661803,0.88412,0.88546,1.0,5.996961
2024-01-10T22:05:00Z,189,1.062238,0.885781,0.840066,1.0,6.076079
2024-01-10T22:10:00Z,187,0.965238,0.892857,0.826603,0.989418,6.135181
2024-01-10T22:15:00Z,188,0.890222,0.882222,0.800213,0.994709,6.243159
2024-01-10T22:20:00Z,189,0.875814,0.872093,0.802442,1.0,6.187621
2024-01-10T22:25:00Z,185,0.923628,0.847255,0.852335,0.978836,6.004906
2024-01-10T22:30:00Z,159,1.104127,0.831746,0.867962,0.84127,6.143113
2024-01-10T22:35:00Z,194,1.263011,0.830108,0.83193,1.0,6.220526
2024-01-10T22:40:00Z,191,1.137995,0.820513,0.843816,1.0,6.40783
2024-01-10T22:45:00Z,190,0.745093,0.857477,0.838302,1.0,6.288901
2024-01-10T22:50:00Z,189,0.865376,0.84738,0.867954,1.0,6.173077
2024-01-10T22:55:00Z,190,1.011312,0.839367,0.85758,1.0,6.330496
2024-01-10T23:00:00Z,193,1.256156,0.831533,0.778057,1.0,6.222335
2024-01-10T23:05:00Z,189,1.298113,0.813679,0.817099,1.0,6.330367
2024-01-10T23:10:00Z,187,1.506715,0.803357,0.83395,0.989418,6.3371
2024-01-10T23:15:00Z,186,1.136427,0.828306,0.823474,0.984127,6.357087
2024-01-10T23:20:00Z,183,1.017199,0.815725,0.848071,0.968254,6.331438
2024-01-10T23:25:00Z,179,1.173858,0.814721,0.80293,0.94709,6.407694
2024-01-10T23:30:00Z,184,0.834217,0.848193,0.84722,0.973545,6.38989
2024-01-10T23:35:00Z,186,0.611358,0.876543,0.899812,0.984127,6.093759
2024-01-10T23:40:00Z,185,0.668765,0.891041,0.858896,0.978836,6.388522
2024-01-10T23:45:00Z,183,0.624877,0.87931,0.820032,0.968254,6.265939
2024-01-10T23:50:00Z,187,0.71338,0.875587,0.788069,0.989418,6.259532
2024-01-10T23:55:00Z,186,0.682212,0.872596,0.772157,0.984127,6.403332
